first_name,last_name,email,company_name
Perrine,Figger,pfigger0@ocn.ne.jp,Gabvine
Roland,McDarmid,rmcdarmid1@discovery.com,Zooveo
Guglielmo,Soro,gsoro2@webeden.co.uk,Rhybox
Mamie,Esmonde,mesmonde3@sun.com,Twimbo
Lucky,Trawin,ltrawin4@posterous.com,Abatz
Claybourne,Climer,cclimer5@twitter.com,Quinu
Rosy,Matusson,rmatusson6@sitemeter.com,Zoombeat
Matti,Dybell,mdybell7@friendfeed.com,Edgeclub
Anallese,Kanwell,akanwell8@google.ru,Oba
Duff,Oliphant,doliphant9@facebook.com,Thoughtstorm
Xenos,Mossop,xmossopa@huffingtonpost.com,Layo
Linell,Clamp,lclampb@phpbb.com,Browsezoom
Andrei,Bunce,abuncec@gnu.org,Katz
Nappy,Rochester,nrochesterd@skype.com,Devcast
Cullin,Hanigan,chanigane@multiply.com,Oyondu
Ives,Blaszczynski,iblaszczynskif@google.co.jp,Layo
Solly,Paley,spaleyg@theatlantic.com,Topicware
Zorine,Seleway,zselewayh@scribd.com,Kanoodle
Gannie,Bauchop,gbauchopi@slate.com,Eire
Natala,Drissell,ndrissellj@myspace.com,Fatz
Charlotte,Aloshikin,caloshikink@imageshack.us,Jayo
Petrina,Trevaskiss,ptrevaskissl@wikia.com,Eamia
Corrie,Chippendale,cchippendalem@tuttocitta.it,Topicware
Mallorie,Danbrook,mdanbrookn@trellian.com,Edgeblab
Englebert,Henningham,ehenninghamo@unblog.fr,Pixope
Moll,Pill,mpillp@bravesites.com,Dazzlesphere
Roseline,Casacchia,rcasacchiaq@china.com.cn,Demizz
Jacquenette,Woosnam,jwoosnamr@shop-pro.jp,Realmix
Emmalyn,Kalderon,ekalderons@dagondesign.com,Brainbox
Romonda,Bursnall,rbursnallt@mtv.com,Zoombox
Shell,Beathem,sbeathemu@boston.com,Avaveo
Nickola,Filipyev,nfilipyevv@sciencedirect.com,Skyndu
Henri,Hatrick,hhatrickw@histats.com,Yambee
Cinnamon,Southcomb,csouthcombx@hibu.com,Aimbo
Philippa,Alywin,palywiny@deviantart.com,Vinder
Davis,Nicolson,dnicolsonz@friendfeed.com,Realbridge
Wilhelmine,Muspratt,wmuspratt10@kickstarter.com,Mybuzz
Lynea,Jirasek,ljirasek11@jimdo.com,Brainverse
Gearard,Hubbocks,ghubbocks12@ibm.com,Yozio
Chrissie,Tollerton,ctollerton13@cafepress.com,Wordtune
Dode,Duggan,dduggan14@foxnews.com,Zooveo
Gloriane,Zumbusch,gzumbusch15@un.org,Yabox
Jackie,Darko,jdarko16@themeforest.net,Meejo
Isaak,Braiden,ibraiden17@weather.com,Meembee
Jaymie,Weekland,jweekland18@reverbnation.com,Yodel
Patti,Campsall,pcampsall19@51.la,Digitube
Herb,Rodenburg,hrodenburg1a@newsvine.com,Quinu
Cinda,Aharoni,caharoni1b@nature.com,Twinte
Kelci,Deviney,kdeviney1c@gnu.org,Quinu
Marshal,Rome,mrome1d@cdc.gov,Kare
Trixi,Abrahamsen,tabrahamsen1e@latimes.com,Jetpulse
Spense,Bellworthy,sbellworthy1f@alexa.com,Photobug
Sebastian,Wollacott,swollacott1g@blogs.com,Jamia
Annmaria,Lefwich,alefwich1h@newyorker.com,Tagopia
Risa,Sealand,rsealand1i@flickr.com,Realcube
Kliment,Swett,kswett1j@freewebs.com,Livefish
Marilee,Collisson,mcollisson1k@oaic.gov.au,Blogtags
Shandra,Overton,soverton1l@jimdo.com,Oyoyo
Debby,Bertouloume,dbertouloume1m@liveinternet.ru,Jabberbean
Nerita,Hall,nhall1n@printfriendly.com,Roodel
Ivory,Hairsine,ihairsine1o@zimbio.com,Jabbertype
Bartholomeus,Ravilus,bravilus1p@dropbox.com,Twimbo
Roma,Seeley,rseeley1q@merriam-webster.com,Realbuzz
Chris,Cutting,ccutting1r@altervista.org,Twinte
Ermina,Cotterill,ecotterill1s@netscape.com,Kwilith
Shell,Tebbitt,stebbitt1t@naver.com,Youspan
Zaccaria,Mansion,zmansion1u@fotki.com,Brainlounge
Hermann,Hully,hhully1v@gnu.org,Bubblemix
Marys,O' Ronan,moronan1w@xinhuanet.com,Livefish
Appolonia,Harriott,aharriott1x@wix.com,Pixonyx
Betty,Cestard,bcestard1y@java.com,Eidel
Shepperd,Strutt,sstrutt1z@google.com.hk,Eire
Urbano,Marrion,umarrion20@shutterfly.com,Demimbu
Coretta,Sarrell,csarrell21@sphinn.com,Realpoint
Dido,Schwartz,dschwartz22@goo.ne.jp,Eayo
Bibbie,Mattke,bmattke23@ucoz.ru,Jaxworks
Padgett,Foye,pfoye24@nbcnews.com,Mydeo
Ginnie,Baselli,gbaselli25@paginegialle.it,Zooxo
Felicia,Hollebon,fhollebon26@about.me,Photobug
Katine,Posnett,kposnett27@chronoengine.com,Skyba
Dianemarie,Gatrell,dgatrell28@abc.net.au,Mydo
Murry,Pickle,mpickle29@cnet.com,Abatz
Lothario,Staterfield,lstaterfield2a@guardian.co.uk,Eidel
Charles,Feeny,cfeeny2b@mayoclinic.com,Vinte
Bert,Wield,bwield2c@deliciousdays.com,Muxo
Stephana,Jonk,sjonk2d@princeton.edu,Browsetype
Clare,De La Salle,cdelasalle2e@wired.com,Skajo
Livia,Cappineer,lcappineer2f@mtv.com,Brainsphere
Noah,Skeldinge,nskeldinge2g@xrea.com,Latz
Michael,Salazar,msalazar2h@eepurl.com,Linktype
Merci,Scrannage,mscrannage2i@google.com.hk,Realblab
Kelci,Revan,krevan2j@51.la,Dynava
Avrit,Miliffe,amiliffe2k@sbwire.com,Skinte
Gerome,Sprowle,gsprowle2l@g.co,Yotz
Tait,Bailes,tbailes2m@nbcnews.com,Jaxworks
Cassi,Cootes,ccootes2n@baidu.com,Thoughtmix
Brett,Paten,bpaten2o@rakuten.co.jp,Quamba
Margaux,Caress,mcaress2p@xinhuanet.com,Trilith
Aarika,Pregal,apregal2q@statcounter.com,Janyx
Filip,Redington,fredington2r@apache.org,Pixonyx
Reade,Passingham,rpassingham2s@google.pl,Mydo
Addia,Menendez,amenendez2t@studiopress.com,Youspan
Dulcia,Stace,dstace2u@latimes.com,Chatterbridge
Austine,Conlaund,aconlaund2v@vimeo.com,Ntag
Renelle,O'Halleghane,rohalleghane2w@unicef.org,Gigabox
Quintina,Vanlint,qvanlint2x@amazonaws.com,Twitterbeat
Gearalt,Castelin,gcastelin2y@ustream.tv,Twinte
Jacinta,Farlam,jfarlam2z@jiathis.com,Agimba
Derek,Hewertson,dhewertson30@alibaba.com,Flashspan
Mylo,Goldring,mgoldring31@ucoz.com,Fliptune
Melania,Dast,mdast32@dyndns.org,Yakitri
Kristen,Linstead,klinstead33@thetimes.co.uk,Shufflebeat
Jemie,Cruse,jcruse34@reddit.com,Rhyzio
Marina,Pentlow,mpentlow35@weebly.com,Skynoodle
Kore,Houlson,khoulson36@gravatar.com,Babbleblab
Selig,Amey,samey37@mashable.com,Skivee
Philbert,Rentilll,prentilll38@eepurl.com,Skinix
Raphael,Corcut,rcorcut39@pen.io,Edgeclub
Ramsay,Jerram,rjerram3a@shinystat.com,Realmix
Sydney,Muncey,smuncey3b@webeden.co.uk,Thoughtbeat
Verene,Elcy,velcy3c@g.co,Meetz
Evangelia,Swinfon,eswinfon3d@cbc.ca,Skiba
Daffie,McKevin,dmckevin3e@google.es,Thoughtstorm
Jilli,Furnival,jfurnival3f@sitemeter.com,Oba
Moritz,Minchell,mminchell3g@php.net,Blognation
Romy,Gerardeaux,rgerardeaux3h@cbc.ca,Izio
Yurik,Petty,ypetty3i@netvibes.com,Kimia
Rubina,Pendall,rpendall3j@woothemes.com,Quinu
Lester,Benit,lbenit3k@harvard.edu,Blogtags
Kahlil,Westrip,kwestrip3l@skype.com,Izio
Rhett,Cottrell,rcottrell3m@howstuffworks.com,Feedspan
Egon,Ascraft,eascraft3n@paginegialle.it,Zoonoodle
Galvan,Wilber,gwilber3o@theatlantic.com,Bubblebox
Morgun,Rafferty,mrafferty3p@fastcompany.com,Jetpulse
Amabelle,Kindon,akindon3q@angelfire.com,Dabtype
Mycah,Jendrach,mjendrach3r@xrea.com,Janyx
Ezra,Wrey,ewrey3s@angelfire.com,Yozio
Kirstyn,Davitti,kdavitti3t@51.la,Edgetag
Derrek,Coleman,dcoleman3u@imdb.com,Rooxo
Sherwynd,Rix,srix3v@uol.com.br,Devcast
Suzy,Kener,skener3w@state.tx.us,Realblab
Mikaela,Doddemeade,mdoddemeade3x@feedburner.com,Innojam
Timmie,Jaggar,tjaggar3y@gov.uk,Fivespan
Gabi,Beech,gbeech3z@fotki.com,Camido
Phedra,Serotsky,pserotsky40@stanford.edu,Skilith
Daryl,Tenbrug,dtenbrug41@amazon.co.uk,Bubbletube
Averill,Askem,aaskem42@samsung.com,Jaloo
Roselia,Worshall,rworshall43@topsy.com,Feedfire
Bonita,Somerville,bsomerville44@sohu.com,Mydeo
Claudian,Macguire,cmacguire45@angelfire.com,Flashdog
Sim,Glazer,sglazer46@spiegel.de,Yodoo
Hy,Geke,hgeke47@tripod.com,Oloo
Rianon,Etock,retock48@quantcast.com,Fivespan
Francois,Braybrooke,fbraybrooke49@webs.com,Meejo
Martita,Venditti,mvenditti4a@exblog.jp,Wikido
Samson,Pere,spere4b@dell.com,Fivechat
Gery,Tretwell,gtretwell4c@wp.com,Skyba
Emery,Tapenden,etapenden4d@google.ru,Youspan
Gabby,Dougal,gdougal4e@mac.com,Voonix
Aurore,Kearle,akearle4f@edublogs.org,Quinu
Ginni,Norcock,gnorcock4g@google.co.jp,Ooba
Jack,Melesk,jmelesk4h@walmart.com,Tagtune
Boony,Landa,blanda4i@patch.com,Miboo
Rosetta,Gingedale,rgingedale4j@list-manage.com,Vitz
Ursa,Crosio,ucrosio4k@bbc.co.uk,Oyondu
Leroi,Husthwaite,lhusthwaite4l@discuz.net,Quire
Lazarus,Midlane,lmidlane4m@hostgator.com,Edgepulse
Teriann,Walklot,twalklot4n@ezinearticles.com,Skinder
Cacilia,Thys,cthys4o@mediafire.com,Kamba
Kassie,Trehearne,ktrehearne4p@mlb.com,Yodo
Guthrie,Rex,grex4q@unc.edu,Zoomdog
Rabi,Mouget,rmouget4r@stumbleupon.com,Omba
Becka,Gamlen,bgamlen4s@msu.edu,Topiczoom
Yorgo,Chesterman,ychesterman4t@squarespace.com,Plajo
Rochella,Spendley,rspendley4u@about.me,Jaxspan
Chilton,Benkin,cbenkin4v@ow.ly,Voolia
Joellyn,McMurraya,jmcmurraya4w@hud.gov,Roodel
Maribel,Williamson,mwilliamson4x@purevolume.com,Voonte
Vicky,Dyter,vdyter4y@lulu.com,Skinte
Selena,Tallboy,stallboy4z@ftc.gov,Zoomlounge
Janis,Seabrook,jseabrook50@google.cn,Gevee
Roley,Skeats,rskeats51@xing.com,Oyope
Brandie,Burnsides,bburnsides52@deviantart.com,Teklist
Carolan,MacGaughy,cmacgaughy53@histats.com,Jaxbean
Orelie,Iffe,oiffe54@elegantthemes.com,Fadeo
Ara,Doyland,adoyland55@apple.com,Zoombeat
Codee,Wretham,cwretham56@washington.edu,Browsetype
Blakeley,Scalera,bscalera57@vimeo.com,Twitterwire
Essa,Blyde,eblyde58@biglobe.ne.jp,Geba
Adan,Banbrook,abanbrook59@is.gd,Pixope
Kameko,Berford,kberford5a@tumblr.com,Devshare
Aurelea,Dempsey,adempsey5b@ebay.co.uk,Thoughtworks
Vilma,Strevens,vstrevens5c@vistaprint.com,Skimia
Darcy,Mogenot,dmogenot5d@spiegel.de,Riffwire
Freeman,Kinchley,fkinchley5e@pen.io,Tagcat
Bridget,Fawlo,bfawlo5f@paginegialle.it,Flipstorm
Tuckie,Barthel,tbarthel5g@icio.us,Demizz
Cad,Draysay,cdraysay5h@nasa.gov,Skippad
Conny,Stonestreet,cstonestreet5i@mapy.cz,Dynabox
Roslyn,Dumbrall,rdumbrall5j@seattletimes.com,Meeveo
Cherin,Shurrocks,cshurrocks5k@constantcontact.com,Skiba
Maryann,Speares,mspeares5l@adobe.com,Gigashots
Bert,Mattaser,bmattaser5m@nsw.gov.au,Abata
Ulrika,Hattersley,uhattersley5n@altervista.org,Kayveo
Dannye,Paschek,dpaschek5o@live.com,Katz
Berget,Sloyan,bsloyan5p@unicef.org,Viva
Madalena,Hairs,mhairs5q@163.com,Aivee
Brander,Garmons,bgarmons5r@mac.com,Photobug
Brandon,Cherry Holme,bcherryholme5s@narod.ru,Ooba
Wynne,Fain,wfain5t@reference.com,Wordware
Malina,Heck,mheck5u@seattletimes.com,Rhycero
Neddy,Redmond,nredmond5v@unesco.org,Eamia
Clemmie,Karel,ckarel5w@goo.gl,Twitterbridge
Adolf,Wyeld,awyeld5x@weibo.com,Babblestorm
Abner,Claricoats,aclaricoats5y@discovery.com,Jayo
Olag,Larratt,olarratt5z@ask.com,Jabbersphere
Lilia,Breen,lbreen60@china.com.cn,Kazu
Ivette,Doorly,idoorly61@issuu.com,Bubblebox
Lawry,Olander,lolander62@mac.com,Jabberbean
Meara,Newborn,mnewborn63@tripod.com,Ainyx
Wally,Grinikhin,wgrinikhin64@ucoz.ru,Rhyzio
Jeralee,Simioni,jsimioni65@gnu.org,Youopia
Cullan,Pockey,cpockey66@oaic.gov.au,Zoonoodle
Nancie,Steart,nsteart67@noaa.gov,Twitterbridge
Emlyn,Gipson,egipson68@admin.ch,Oodoo
Allegra,Sailor,asailor69@oracle.com,Abatz
Vin,Hawthorn,vhawthorn6a@blog.com,Oodoo
Lonnie,Brumham,lbrumham6b@abc.net.au,Tagchat
Marline,MacSporran,mmacsporran6c@google.co.uk,Oyoyo
Kevan,Andreaccio,kandreaccio6d@dion.ne.jp,Dabjam
Shawna,Romeo,sromeo6e@facebook.com,Skimia
Drew,Becken,dbecken6f@fc2.com,Linkbridge
Paton,Brittle,pbrittle6g@gov.uk,Feedmix
Carroll,Dowd,cdowd6h@admin.ch,Tagpad
Leonelle,Windham,lwindham6i@illinois.edu,Mydo
Willy,Coope,wcoope6j@google.ca,Twitterbeat
Brock,Cham,bcham6k@japanpost.jp,Pixoboo
Erda,Huguet,ehuguet6l@time.com,Camido
Archibald,Ronci,aronci6m@nps.gov,Meedoo
Reagen,Osban,rosban6n@bloglovin.com,Flashset
Leroy,Fedder,lfedder6o@weather.com,Kazio
Cathrin,De Ferrari,cdeferrari6p@cdbaby.com,Vipe
Agnes,Goodwell,agoodwell6q@google.it,Devpoint
Heida,Fealy,hfealy6r@barnesandnoble.com,Wordware
Finn,Skeats,fskeats6s@sitemeter.com,Blogtags
Claudius,Girdwood,cgirdwood6t@psu.edu,Jabberstorm
Yorke,Massard,ymassard6u@yale.edu,Divape
Drucie,Lessmare,dlessmare6v@biglobe.ne.jp,Browsezoom
Magdalen,Pawel,mpawel6w@webnode.com,Npath
Gerty,Bierman,gbierman6x@360.cn,Realmix
Emelda,Norheny,enorheny6y@purevolume.com,Skajo
Renell,Camilleri,rcamilleri6z@dedecms.com,Wikizz
Ian,Hayto,ihayto70@yellowbook.com,Aivee
Rasla,Ferie,rferie71@census.gov,Katz
Saba,Holme,sholme72@reference.com,Voonyx
Rose,Leggs,rleggs73@google.com,Chatterbridge
Kip,Snalham,ksnalham74@prlog.org,Quinu
Camella,Kelby,ckelby75@typepad.com,Zoonoodle
Hagan,Mellhuish,hmellhuish76@sina.com.cn,Skipfire
Sansone,Anglin,sanglin77@arstechnica.com,Meevee
Zack,Graver,zgraver78@nps.gov,Zooxo
Allister,Luesley,aluesley79@hao123.com,Browsecat
Lonni,Theis,ltheis7a@oracle.com,Jabbercube
Sharyl,Misselbrook,smisselbrook7b@addthis.com,Ooba
Donnajean,Grahl,dgrahl7c@salon.com,Edgewire
Win,Pavinese,wpavinese7d@aol.com,Muxo
Penn,Wesgate,pwesgate7e@businesswire.com,Rooxo
Ian,Micklewicz,imicklewicz7f@dion.ne.jp,Shufflester
Tildie,Matschoss,tmatschoss7g@biblegateway.com,Skinte
Mellicent,Hardwin,mhardwin7h@addthis.com,Jabbertype
Melba,Danser,mdanser7i@home.pl,Wordify
Elonore,Saffrin,esaffrin7j@ask.com,Divape
Gustavus,Honnicott,ghonnicott7k@baidu.com,Tazzy
Reg,Adame,radame7l@google.com.au,Kimia
Howie,Ivashov,hivashov7m@unicef.org,Kamba
Bobbee,Tyres,btyres7n@virginia.edu,Divavu
Artus,Deare,adeare7o@narod.ru,Yambee
Alyse,Moyne,amoyne7p@baidu.com,Jamia
Addie,Cratchley,acratchley7q@fc2.com,Avavee
Sanford,Collihole,scollihole7r@oracle.com,Photobug
Martino,Throssell,mthrossell7s@amazon.de,Aimbu
Marlo,Clevely,mclevely7t@exblog.jp,Oyope
Hana,Appleby,happleby7u@huffingtonpost.com,Zazio
Culley,Stoggell,cstoggell7v@webnode.com,Photobug
Pansie,Trahmel,ptrahmel7w@army.mil,Youspan
Danika,Gillbe,dgillbe7x@pagesperso-orange.fr,Dabshots
Dulcia,Jenny,djenny7y@tripod.com,Eayo
Annissa,Coverlyn,acoverlyn7z@ifeng.com,Meejo
Cully,Quare,cquare80@google.ca,Twinder
Ethan,Gasgarth,egasgarth81@google.com.hk,Topiclounge
Pandora,O'Fallone,pofallone82@elpais.com,Jabbercube
Borden,Pawlick,bpawlick83@techcrunch.com,Eamia
Jeralee,Larmett,jlarmett84@deliciousdays.com,Dynabox
Arleta,Lalevee,alalevee85@hao123.com,Oyondu
John,Ream,jream86@samsung.com,Skinte
Arielle,Orcott,aorcott87@squarespace.com,Twitternation
Worthy,Greensite,wgreensite88@dropbox.com,Wordware
Giorgi,Robak,grobak89@ucoz.com,Jaxbean
Alvy,MacGillivray,amacgillivray8a@ustream.tv,Feedfire
Maurita,Ronaldson,mronaldson8b@creativecommons.org,Rhynyx
Nick,Ellingham,nellingham8c@irs.gov,Flashpoint
Aldric,Jerg,ajerg8d@feedburner.com,Layo
Glynn,Chubb,gchubb8e@abc.net.au,Youtags
Paxton,Jaumet,pjaumet8f@xinhuanet.com,Snaptags
Ode,Haywood,ohaywood8g@i2i.jp,Gevee
Kelbee,Delhanty,kdelhanty8h@drupal.org,Skyvu
Zachery,Autry,zautry8i@nhs.uk,Gabtune
Jerald,Tuvey,jtuvey8j@weather.com,Vidoo
Thibaud,Laffoley-Lane,tlaffoleylane8k@youtube.com,Browseblab
Audrie,Fudger,afudger8l@craigslist.org,Babbleopia
Kaitlynn,Perrelle,kperrelle8m@ustream.tv,Quinu
Jolee,Ingley,jingley8n@cocolog-nifty.com,Trilia
Vania,Ruprich,vruprich8o@prnewswire.com,Abatz
Seka,Yglesias,syglesias8p@jiathis.com,Youspan
Granny,Napton,gnapton8q@rakuten.co.jp,Avamba
Clementia,Polk,cpolk8r@naver.com,Yadel
Linet,Middas,lmiddas8s@elpais.com,Gigaclub
Ilene,Murrells,imurrells8t@over-blog.com,Izio
Maximilien,Mollene,mmollene8u@is.gd,Riffpedia
Jemima,Reye,jreye8v@wordpress.com,Jabbersphere
Ariella,Duchenne,aduchenne8w@army.mil,Demimbu
Katherina,Fidoe,kfidoe8x@dailymotion.com,Lajo
Milena,Steuart,msteuart8y@furl.net,Zooveo
Kippie,Ravilus,kravilus8z@tripadvisor.com,Kayveo
Ashlie,Fairman,afairman90@answers.com,Demizz
Pauli,Kindley,pkindley91@tamu.edu,Photospace
Wendie,Shakle,wshakle92@theguardian.com,Shufflebeat
Gradeigh,Surgison,gsurgison93@ihg.com,Shufflebeat
Arleyne,Raddish,araddish94@kickstarter.com,Devshare
Hiram,Linggard,hlinggard95@yale.edu,Brainverse
Vladimir,Ascrofte,vascrofte96@nifty.com,Zoonder
Emma,Chessor,echessor97@squarespace.com,Meetz
Henrietta,Janacek,hjanacek98@sourceforge.net,Oyoloo
Obadiah,Rowdell,orowdell99@phpbb.com,Leexo
Kale,Comberbeach,kcomberbeach9a@ucoz.com,Thoughtstorm
Mischa,Casacchia,mcasacchia9b@china.com.cn,Jabbersphere
Caron,Karleman,ckarleman9c@ning.com,Fiveclub
Marcel,Horney,mhorney9d@psu.edu,Mynte
Malvin,Axby,maxby9e@etsy.com,Youbridge
Price,Hadcock,phadcock9f@blinklist.com,Kayveo
Wilmar,Bartomieu,wbartomieu9g@joomla.org,Eare
Ansell,Bierman,abierman9h@berkeley.edu,Skynoodle
Katuscha,Bennetts,kbennetts9i@joomla.org,Tagfeed
Niko,Behne,nbehne9j@github.com,Browsedrive
Mag,Earey,mearey9k@google.nl,Trupe
Brandy,Corkish,bcorkish9l@wikia.com,Photofeed
Alvina,Chesser,achesser9m@quantcast.com,Linktype
Joana,Unstead,junstead9n@google.com.hk,Skyvu
Lorraine,Emmerson,lemmerson9o@google.cn,Kaymbo
Zorah,Spuffard,zspuffard9p@biglobe.ne.jp,Gabvine
Suellen,Laible,slaible9q@mapquest.com,Skilith
Sigmund,Francomb,sfrancomb9r@independent.co.uk,Meeveo
Drugi,Sylett,dsylett9s@goo.ne.jp,Wikivu
Martyn,Roach,mroach9t@ustream.tv,Kayveo
Jeramie,Eye,jeye9u@is.gd,Flashdog
Collin,Andrzejewski,candrzejewski9v@nasa.gov,Oozz
Flori,Chisholm,fchisholm9w@blogs.com,Tagopia
Laraine,Boich,lboich9x@t.co,Wikido
Husein,Sprowson,hsprowson9y@elpais.com,Tagpad
Jackqueline,Hallam,jhallam9z@senate.gov,Gigabox
Netty,Tomkies,ntomkiesa0@clickbank.net,Devshare
Mikaela,Dyne,mdynea1@mapy.cz,Gevee
Silvio,Balogun,sbaloguna2@nbcnews.com,Divavu
Dulsea,Moulster,dmoulstera3@facebook.com,Camido
Maitilde,Cozzi,mcozzia4@ed.gov,Oozz
Andeee,Haacker,ahaackera5@loc.gov,Geba
Donnie,Icom,dicoma6@admin.ch,Yodoo
Mariel,Pring,mpringa7@nsw.gov.au,Yakidoo
Annabell,Charlotte,acharlottea8@a8.net,Skalith
Maren,Minithorpe,mminithorpea9@geocities.com,Thoughtstorm
Lynde,Circuit,lcircuitaa@ftc.gov,Divape
Lonni,Geator,lgeatorab@linkedin.com,Gabspot
Cosetta,Gurnay,cgurnayac@unesco.org,Buzzbean
Jeno,Colquitt,jcolquittad@blogtalkradio.com,Kazio
Maire,Goodbanne,mgoodbanneae@icq.com,Katz
Ervin,Guslon,eguslonaf@reference.com,Youopia
Kylie,Warlowe,kwarloweag@bluehost.com,Wordware
Marchelle,Symington,msymingtonah@ning.com,Edgeblab
Lacie,Marians,lmariansai@answers.com,Kwideo
Issiah,Anster,iansteraj@t.co,Tagcat
Ferdie,Palfery,fpalferyak@fc2.com,Eare
Gaylor,Linay,glinayal@google.co.uk,Feedmix
Lucian,Roscam,lroscamam@mac.com,Brightbean
Laverna,Graves,lgravesan@mapquest.com,Zoonder
Boyd,Boat,bboatao@microsoft.com,Shuffledrive
Timmie,Fuzzey,tfuzzeyap@netvibes.com,Lazzy
Melvin,Glading,mgladingaq@census.gov,Dabjam
Tiphani,Roubert,troubertar@cnet.com,Innotype
Sophia,Norsworthy,snorsworthyas@earthlink.net,Skipstorm
Cherida,Dagon,cdagonat@miitbeian.gov.cn,Voolith
Natalya,Askin,naskinau@ow.ly,DabZ
Reagen,Spier,rspierav@google.com.hk,Quatz
Rosalinde,Milsted,rmilstedaw@cloudflare.com,Blogtag
Tove,Baldock,tbaldockax@clickbank.net,Skyndu
Graeme,Cushworth,gcushworthay@kickstarter.com,Kanoodle
Zilvia,Gerwood,zgerwoodaz@stumbleupon.com,Vitz
Thornton,Leafe,tleafeb0@discuz.net,Rhyloo
Philipa,Wordsley,pwordsleyb1@symantec.com,Leenti
Holly,Bakesef,hbakesefb2@webeden.co.uk,Katz
Olva,Dehm,odehmb3@rakuten.co.jp,Browsebug
Oralia,Shovel,oshovelb4@pagesperso-orange.fr,InnoZ
Carmita,Basant,cbasantb5@163.com,Photobug
Jorrie,Asey,jaseyb6@washington.edu,Camimbo
Idelle,Ewings,iewingsb7@princeton.edu,Divavu
Aluino,Kendal,akendalb8@rakuten.co.jp,Skibox
Maudie,Ells,mellsb9@diigo.com,Edgeblab
Tilda,Marsham,tmarshamba@google.it,Einti
Phaedra,Tithecott,ptithecottbb@auda.org.au,Shuffletag
Jule,Thame,jthamebc@java.com,Oyope
Dale,Wrack,dwrackbd@lulu.com,Ozu
Margery,Becke,mbeckebe@google.fr,Digitube
Lilia,Davidy,ldavidybf@quantcast.com,Eayo
Rodge,Fishleigh,rfishleighbg@plala.or.jp,Skinder
Jim,Fransoni,jfransonibh@vk.com,Youspan
Minnaminnie,Dowsett,mdowsettbi@fema.gov,Bluezoom
Wat,Shannon,wshannonbj@bing.com,Rhyloo
Allan,Dalwood,adalwoodbk@usatoday.com,Oyonder
Stinky,Kernes,skernesbl@example.com,Zava
Miof mela,Dary,mdarybm@blogger.com,Twitterworks
Skippie,Rickertsen,srickertsenbn@mlb.com,Twiyo
Haydon,Joska,hjoskabo@naver.com,Viva
Helen-elizabeth,Canham,hcanhambp@nsw.gov.au,Katz
Missie,Dreini,mdreinibq@cisco.com,Twitterbridge
Gavin,Rochell,grochellbr@ibm.com,Abatz
Vinnie,Lummasana,vlummasanabs@un.org,Devify
Rheba,Sandwick,rsandwickbt@vinaora.com,Brainsphere
Wayland,Slowan,wslowanbu@earthlink.net,Ozu
Pincas,Branscombe,pbranscombebv@usda.gov,Jamia
Shalna,Kubas,skubasbw@vk.com,Topicshots
Ursuline,Brothwood,ubrothwoodbx@woothemes.com,Fanoodle
Nickola,Playford,nplayfordby@barnesandnoble.com,Zooxo
Eduard,Kerins,ekerinsbz@shop-pro.jp,Centimia
Mia,Gillet,mgilletc0@yahoo.co.jp,Thoughtsphere
Rhea,Tuohy,rtuohyc1@samsung.com,Flashspan
Sissie,Kavanagh,skavanaghc2@theguardian.com,Quinu
Reidar,Mouncey,rmounceyc3@clickbank.net,Wordify
Eal,Casbon,ecasbonc4@ehow.com,Quire
Rheba,Levane,rlevanec5@disqus.com,Muxo
Kira,Lace,klacec6@mtv.com,Trudoo
Tatum,Audrey,taudreyc7@home.pl,Voonte
Fletcher,Dicker,fdickerc8@europa.eu,Photobug
Trescha,Allingham,tallinghamc9@bbc.co.uk,Skynoodle
Goober,Froom,gfroomca@zdnet.com,Twinte
Gwynne,Caesar,gcaesarcb@vimeo.com,Jamia
Beitris,Alekseev,balekseevcc@oaic.gov.au,Fivechat
Hanni,McCurtain,hmccurtaincd@mail.ru,Rhyloo
Lorraine,Bevan,lbevance@issuu.com,Zoombeat
Devlen,Blight,dblightcf@phpbb.com,Yadel
Jerrold,Sawyers,jsawyerscg@webmd.com,Brainsphere
Jason,Haberjam,jhaberjamch@barnesandnoble.com,Photobug
Stanwood,Mariel,smarielci@github.com,Realbridge
Elena,Carlon,ecarloncj@sourceforge.net,Thoughtstorm
Josy,Costley,jcostleyck@histats.com,Wikibox
Ogdon,Howler,ohowlercl@hao123.com,Jabberstorm
Andrea,Kliner,aklinercm@lulu.com,Linkbuzz
Daisy,Benneton,dbennetoncn@apple.com,Wordify
Fayette,Dumblton,fdumbltonco@hp.com,Youspan
Rossy,Peetermann,rpeetermanncp@parallels.com,Blognation
Coleman,Machin,cmachincq@biblegateway.com,Rhynoodle
Darin,Kinkead,dkinkeadcr@irs.gov,Snaptags
Peirce,Ballham,pballhamcs@naver.com,Cogidoo
Elwira,Rodliff,erodliffct@bluehost.com,Rhynyx
Randee,Hann,rhanncu@comsenz.com,Skyndu
Erick,Bozward,ebozwardcv@mac.com,Topicstorm
Purcell,Harron,pharroncw@ibm.com,Yakijo
Rafaela,Twaite,rtwaitecx@last.fm,LiveZ
Rutger,Keemar,rkeemarcy@seattletimes.com,Yata
Gannon,Laval,glavalcz@baidu.com,Kanoodle
Lovell,Readings,lreadingsd0@reddit.com,Bubblemix
Conn,Folan,cfoland1@instagram.com,Jaxworks
Aloin,Minard,aminardd2@dailymail.co.uk,Wikivu
Ronnica,Spincke,rspincked3@indiatimes.com,Ntags
Immanuel,Wedderburn,iwedderburnd4@kickstarter.com,Muxo
Eugenie,Mac,emacd5@github.io,Realpoint
Fannie,Baseley,fbaseleyd6@cbslocal.com,Dynava
Kevon,Parlatt,kparlattd7@booking.com,Realcube
Ban,McBay,bmcbayd8@edublogs.org,Minyx
Der,Hardes,dhardesd9@about.me,Browseblab
Sheffy,Dawbury,sdawburyda@nps.gov,Lazz
Kathye,Potebury,kpoteburydb@blog.com,Digitube
Dawn,Bront,dbrontdc@netvibes.com,Dabvine
Edie,Steward,estewarddd@prnewswire.com,Oyonder
Nolana,Brandolini,nbrandolinide@telegraph.co.uk,Yodel
Homere,Garlee,hgarleedf@ucoz.ru,Meevee
Simon,Poskitt,sposkittdg@biglobe.ne.jp,Yakijo
Spense,Oliphand,soliphanddh@barnesandnoble.com,Browsezoom
Kristen,Vesty,kvestydi@webeden.co.uk,Voomm
Andreas,Duckitt,aduckittdj@ebay.com,Dynabox
Nils,Aphale,naphaledk@linkedin.com,Yombu
Jacobo,Spurdon,jspurdondl@buzzfeed.com,Skiba
Cheslie,Prestwich,cprestwichdm@japanpost.jp,Zoozzy
Phyllys,Garvill,pgarvilldn@icq.com,Flipbug
Leanora,Sharple,lsharpledo@howstuffworks.com,Flipbug
Eran,Lorriman,elorrimandp@cbsnews.com,Dabshots
Allsun,Sansum,asansumdq@artisteer.com,Livefish
Hazel,Seyers,hseyersdr@exblog.jp,Yadel
Cedric,Hardwidge,chardwidgeds@taobao.com,Trilia
Guss,Grasser,ggrasserdt@nps.gov,Layo
Leandra,Norkett,lnorkettdu@vinaora.com,Dabvine
Teresina,Kalinowsky,tkalinowskydv@123-reg.co.uk,Wordware
